bucket_id,num_patients,num_treated,num_control,num_matches,seconds
all:b1:6396836968565853072,246,49,197,147,0.011878333054482937
all:b1:285221241940483454,108,22,86,66,0.011310250032693148
all:b1:5907845780049294517,200,99,101,297,0.023838291061110795
all:b1:-4269774696968816046,10,5,5,15,0.0037034170236438513
all:b1:844691206296322467,48,9,39,27,0.00362550001591444
