bucket_id,num_patients,num_treated,num_control,num_matches,seconds
all:b1:6396836968565853072,57,11,46,18,0.005857459036633372
all:b1:-1224579834920914907,41,8,33,18,0.005911334068514407
all:b1:3852406253279126956,57,3,54,9,0.004150957916863263
all:b1:5907845780049294517,242,100,142,33,0.02395583305042237
all:b1:5815039425051206695,188,55,133,33,0.015232125064358115
all:b1:-4269774696968816046,16,3,13,9,0.004308708012104034
