bucket_id,num_patients,num_treated,num_control,num_matches,seconds
all:b1:-5242205918931562327,7,3,4,9,0.0021888749906793237
all:b1:6396836968565853072,57,11,46,33,0.0035911250161007047
all:b1:-1224579834920914907,41,8,33,24,0.004097874974831939
all:b1:3852406253279126956,57,3,54,9,0.002249666955322027
all:b1:5907845780049294517,242,100,142,300,0.021049208007752895
all:b1:8680634084544645166,6,2,4,6,0.0019382080063223839
all:b1:5815039425051206695,188,55,133,165,0.012139416998252273
all:b1:-4269774696968816046,16,3,13,9,0.0023862499510869384
