bucket_id,num_patients,num_treated,num_control,num_matches,seconds
all:b1:-5242205918931562327,7,3,4,3,0.002093666000291705
all:b1:6396836968565853072,57,11,46,11,0.0032818750478327274
all:b1:-1224579834920914907,41,8,33,8,0.00376737501937896
all:b1:3852406253279126956,57,3,54,3,0.002318333019502461
all:b1:5907845780049294517,242,100,142,60,0.016413833014667034
all:b1:8680634084544645166,6,2,4,2,0.0019798330031335354
all:b1:5815039425051206695,188,55,133,35,0.009563833009451628
all:b1:-4269774696968816046,16,3,13,3,0.0024084580363705754
