bucket_id,num_patients,num_treated,num_control,num_matches,seconds
all:b1:6396836968565853072,246,49,197,39,0.01363874995149672
all:b1:285221241940483454,108,22,86,24,0.00906429102178663
all:b1:5907845780049294517,200,99,101,33,0.02458308299537748
all:b1:844691206296322467,48,9,39,15,0.005363375064916909
