bucket_id,num_patients,num_treated,num_control,num_matches,seconds
all:b1:6396836968565853072,246,49,197,38,0.008196583017706871
all:b1:285221241940483454,108,22,86,19,0.00479074998293072
all:b1:5907845780049294517,200,99,101,47,0.016556791961193085
all:b1:8680634084544645166,2,1,1,1,0.0019077499164268374
all:b1:-4269774696968816046,10,5,5,5,0.0032129590399563313
all:b1:844691206296322467,48,9,39,9,0.0029301249887794256
